task_id,annotation_id,region_id,image_path,created_at,bbox_x,bbox_y,bbox_width,bbox_height,text,status
1,1,9df85403,/data/local-files/?d=images/form1.jpg,2026-01-22T00:36:44.430404Z,11.831761006289309,4.217233009708738,50.90408805031447,1.9114077669902914,Monthly Report Pe Ministry of,Needs Review
1,1,01edce39,/data/local-files/?d=images/form1.jpg,2026-01-22T00:36:44.430404Z,51.886792452830186,6.189320388349515,14.426100628930818,0.7281553398058245,BRITISH Social Development,Needs Review
1,1,38198af8,/data/local-files/?d=images/form1.jpg,2026-01-22T00:36:44.430404Z,11.674528301886793,6.158980582524272,81.13207547169812,3.640776699029125,"Avoid delays, submit by the 5th COLUMBIA — and Poverty Reduction ll TT | | ll |",Accepted
1,1,696fa934,/data/local-files/?d=images/form1.jpg,2026-01-22T00:36:44.430404Z,4.04874213836478,10.194174757281553,45.32232704402516,4.702669902912621,"The personal information requested on this form is collected by the Ministry of Social Development and Poverty Reduction pursuant to sections 26(c) of the Freedom of Information and Protection of Privacy Act for the purpose of administering the Employment and Assistance Act and Employment and Assistance for Persons with Disabilities Act. If you have any questions about the collection, use or disclosure of this information, please contact the Ministry of Social Development and Poverty Reduction at 1-866-866-0800.",Accepted
1,1,56c9bade,/data/local-files/?d=images/form1.jpg,2026-01-22T00:36:44.430404Z,51.257861635220124,10.800970873786406,43.94654088050315,7.918689320388351,2. Declare all income and submit proof. Enter “0” if none. a ee ee,Rejected
1,1,118e7cdb,/data/local-files/?d=images/form1.jpg,2026-01-22T00:36:44.430404Z,51.2185534591195,15.291262135922329,14.190251572327035,1.0922330097087407,Net Employment Income,Rejected
1,1,1771a725,/data/local-files/?d=images/form1.jpg,2026-01-22T00:36:44.430404Z,4.088050314465408,15.898058252427186,22.562893081761008,1.3349514563106784,1. Since your last declaration:,Accepted
1,1,0aec4c61,/data/local-files/?d=images/form1.jpg,2026-01-22T00:36:44.430404Z,3.930817610062893,18.08252427184466,34.31603773584906,5.885922330097085,Are you still in need of assistance? (Yes [_]No Has your family unit received or disposed of any assets? V]ves [_]No Any changes to your shelter costs? yes [__]No,Needs Review
1,1,7df40013,/data/local-files/?d=images/form1.jpg,2026-01-22T00:36:44.430404Z,3.852201257861635,24.08980582524272,34.276729559748425,2.2754854368931987,Any changes in Dependants or Persons [IN living in the home? [_]Yes No,Rejected
1,1,69dfa17a,/data/local-files/?d=images/form1.jpg,2026-01-22T00:36:44.430404Z,51.2185534591195,17.17233009708738,13.207547169811313,0.9708737864077683,Employment Insurance,Accepted
1,1,896ce45e,/data/local-files/?d=images/form1.jpg,2026-01-22T00:36:44.430404Z,51.13993710691824,18.87135922330097,15.330188679245282,4.399271844660195,Spousal Support / Alimony Child Support WorkBC Financial Support,Accepted
1,1,3798396e,/data/local-files/?d=images/form1.jpg,2026-01-22T00:36:44.430404Z,51.100628930817614,23.938106796116504,19.418238993710695,1.0618932038834963,"Student Funding (eg: Loans, Bursaries)",Accepted
1,1,5bf138ee,/data/local-files/?d=images/form1.jpg,2026-01-22T00:36:44.430404Z,74.88207547169812,20.691747572815533,0.628930817610063,0.9708737864077669,~—#A,Rejected
1,1,41ded37f,/data/local-files/?d=images/form1.jpg,2026-01-22T00:36:44.430404Z,74.60691823899371,23.756067961165048,10.416666666666668,1.7597087378640777,',Needs Review
1,1,c988256d,/data/local-files/?d=images/form1.jpg,2026-01-22T00:36:44.430404Z,51.100628930817614,25.697815533980584,8.294025157232703,0.8495145631067942,Rental Income,Rejected
1,1,88b93d6e,/data/local-files/?d=images/form1.jpg,2026-01-22T00:36:44.430404Z,74.80345911949685,25.819174757281555,0.6682389937106918,0.8798543689320388,Af,Needs Review
1,1,8678c8d1,/data/local-files/?d=images/form1.jpg,2026-01-22T00:36:44.430404Z,74.56761006289308,27.184466019417474,10.377358490566039,1.7597087378640777,;,Needs Review
1,1,47847e71,/data/local-files/?d=images/form1.jpg,2026-01-22T00:36:44.430404Z,51.061320754716974,27.427184466019416,12.578616352201266,0.8495145631067977,Room / Board Income,Needs Review
1,1,f4fc118b,/data/local-files/?d=images/form1.jpg,2026-01-22T00:36:44.430404Z,74.88207547169812,22.39077669902913,0.628930817610063,0.8495145631067961,FA,Needs Review
1,1,f9a1609e,/data/local-files/?d=images/form1.jpg,2026-01-22T00:36:44.430404Z,31.132075471698112,28.033980582524272,54.75628930817609,7.524271844660198,"Applicant , A is enaneeed Ma on Worker's Compensation ny employment changes? es o A a a dina / in a lisehodt Private Pensions (eg: Retirement, Disability) |$ ; $ re you attending / enrolled in schoo A = or training? L]ves [YNo OAS / GIS $ 791,77 |S Are you looking for work? [_]Yes [WNo Trust Income",Needs Review
1,1,06235d1f,/data/local-files/?d=images/form1.jpg,2026-01-22T00:36:44.430404Z,50.943396226415096,36.10436893203883,16.430817610062896,5.946601941747581,Canada Pension Plan (CPP) Tax Credits (eg: GST Credit) Child Tax Benefits Income Tax Refund,Accepted
1,1,c2b98620,/data/local-files/?d=images/form1.jpg,2026-01-22T00:36:44.430404Z,3.7735849056603774,35.95266990291262,79.28459119496856,7.88834951456311,"Have you moved or entered a facility? (Yes [_]No 681,3¢ Any outstanding warrants for your arrest? MV¥es [_]No Please explain all changes including income and submit proof: wc king year f- Time a ft Sa VE- BA Food, do hours a week, Started ae r2, Pay",Accepted
1,1,ad47cf5d,/data/local-files/?d=images/form1.jpg,2026-01-22T00:36:44.430404Z,4.716981132075472,43.62864077669903,17.413522012578618,2.2148058252427134,Sdevhs A ached —,Accepted
1,1,42f247cb,/data/local-files/?d=images/form1.jpg,2026-01-22T00:36:44.430404Z,4.166666666666666,46.328883495145625,88.95440251572326,2.942961165048551,3. Declaration: | understand that the ministry may disclose this information to verify continuing eligibility for assistance under the above Acts and Regulations. | declare that all of the information provided on this form to the Ministry of Social Development and Poverty Reduction is true and complete.,Accepted
1,1,08ecf1c7,/data/local-files/?d=images/form1.jpg,2026-01-22T00:36:44.430404Z,3.734276729559748,49.453883495145625,83.33333333333333,2.5788834951456323,"Applicant Signature fi Date (yyyy-mmm-dd) Spouse Signature Date (yyyy-mmm-dd) r MeV"". 20aN=/f-ll",Accepted
1,1,dd63db22,/data/local-files/?d=images/form1.jpg,2026-01-22T00:36:44.430404Z,3.6949685534591192,52.154126213592235,88.01100628930817,9.67839805825242,"Applicant Print Name Ss, h 4 | Spouse Print Name ava Thom son Applicant Telephone Social Insurance Number Spouse Telephone Social Insurance Number - ~ 2 “4 F - 39-SOF-C642 | 347-756-112 BENEFIT MONTH TOTAL ALLOWANCE SHELTER PORTION INCOME DECLARED INCOME DEDUCTED) OTHERDEDUCTIONS TOTAL CHEQUE",Accepted
1,1,8e929bcd,/data/local-files/?d=images/form1.jpg,2026-01-22T00:36:44.430404Z,50.746855345911946,42.961165048543684,19.53616352201258,2.760922330097088,All other income / money received Income of Dependent Children,Accepted
1,1,0850671b,/data/local-files/?d=images/form1.jpg,2026-01-22T00:36:44.430404Z,5.188679245283019,57.554611650485434,8.018867924528301,1.820388349514566,NEXT CHEQUE ISSUE,Accepted
1,1,cae16848,/data/local-files/?d=images/form1.jpg,2026-01-22T00:36:44.430404Z,16.352201257861633,63.50121359223301,27.397798742138367,0.7888349514563018,CASE ID CASELOAD,Accepted
1,1,5f88f4f2,/data/local-files/?d=images/form1.jpg,2026-01-22T00:36:44.430404Z,3.341194968553459,65.47330097087378,17.64937106918239,0.697815533980588,HR0081 (2021/09/13) OPC 7530903053 (250/Pk),Accepted
1,1,69ac546d,/data/local-files/?d=images/form1.jpg,2026-01-22T00:36:44.430404Z,29.08805031446541,76.24393203883496,13.207547169811324,4.490291262135926,Sa m2 le,Accepted
